trace, 3.664795
crate, 3.671706
slate, 3.679050
crane, 3.681210
leant, 3.682937
train, 3.689849
react, 3.695032
print, 3.696328
place, 3.697192
spilt, 3.697192
slant, 3.697624
least, 3.697624
plait, 3.698488
split, 3.700648
lance, 3.701512
stale, 3.701512
trice, 3.701944
talon, 3.702376
plate, 3.703672
sport, 3.704968
slept, 3.706263
tripe, 3.706263
tried, 3.707991
cater, 3.708423
tapir, 3.708855
clean, 3.708855
trail, 3.708855
cleat, 3.710151
trade, 3.711879
plane, 3.712311
spelt, 3.712743
dealt, 3.713175
splat, 3.713175
saint, 3.714471
slice, 3.714903
tonal, 3.715335
lapse, 3.716199
roast, 3.716199
paint, 3.717063
pilot, 3.717495
cairn, 3.717495
panel, 3.718359
spent, 3.719222
caste, 3.719222
crone, 3.720086
triad, 3.720086
price, 3.720518
plant, 3.720950
heart, 3.721382
brace, 3.721382
strip, 3.721382
trial, 3.721814
crept, 3.724406
scant, 3.724838
tidal, 3.724838
steal, 3.724838
scale, 3.725270
shirt, 3.725702
satin, 3.726134
pleat, 3.726134
spite, 3.726566
stair, 3.726998
smart, 3.726998
trope, 3.726998
parse, 3.726998
plain, 3.727430
crisp, 3.727862
leapt, 3.728294
rinse, 3.728726
snort, 3.729158
petal, 3.730454
alien, 3.730886
paste, 3.730886
clone, 3.730886
chant, 3.731317
space, 3.731749
stein, 3.732613
stole, 3.733045
clear, 3.733477
siren, 3.733909
trend, 3.734341
strap, 3.734341
salon, 3.734341
close, 3.734773
slain, 3.734773
spiel, 3.734773
resin, 3.734773
cream, 3.735205
penal, 3.735205
since, 3.735205
drain, 3.735637
canoe, 3.736501
laden, 3.736501
spice, 3.736501
carol, 3.736501
peril, 3.736501
spine, 3.736501
tread, 3.736933
grate, 3.737365
tenor, 3.737365
risen, 3.737797
stare, 3.738229
ripen, 3.738229
truce, 3.738661
alert, 3.738661
taper, 3.739093
droit, 3.739093
chart, 3.739093
snail, 3.739525
slope, 3.739525
snipe, 3.739957
eclat, 3.739957
spare, 3.739957
crest, 3.740389
blast, 3.740389
dance, 3.740821
tilde, 3.740821
slime, 3.740821
clasp, 3.741253
thorn, 3.741253
coral, 3.741253
table, 3.741685
decal, 3.741685
prose, 3.742117
stern, 3.742117
cable, 3.742117
scone, 3.742549
shalt, 3.742549
stain, 3.742981
pried, 3.742981
metal, 3.742981
meant, 3.743413
motel, 3.743413
front, 3.743413
cried, 3.743844
caper, 3.743844
scare, 3.744276
merit, 3.744276
glint, 3.744708
storm, 3.744708
plaid, 3.744708
enact, 3.744708
inlet, 3.745140
diner, 3.745140
pearl, 3.745572
posit, 3.745572
tamer, 3.745572
pecan, 3.745572
spire, 3.746004
alter, 3.746004
sonar, 3.746868
spear, 3.746868
heist, 3.746868
smelt, 3.746868
haste, 3.747300
slide, 3.747300
prone, 3.747300
teach, 3.747300
drape, 3.748596
alone, 3.748596
count, 3.748596
cedar, 3.749028
snout, 3.749460
smile, 3.749460
tramp, 3.749460
poise, 3.749892
bleat, 3.749892
irate, 3.749892
copse, 3.750324
inter, 3.750324
coast, 3.750324
panic, 3.750324
islet, 3.750324
timer, 3.750756
trash, 3.751188
acorn, 3.751620
beast, 3.752052
tribe, 3.752484
raise, 3.752916
nicer, 3.752916
octal, 3.752916
grind, 3.752916
crime, 3.753348
crust, 3.753348
antic, 3.753348
pedal, 3.753780
point, 3.753780
camel, 3.753780
third, 3.753780
inert, 3.754212
later, 3.754212
maple, 3.754212
gloat, 3.755076
great, 3.755076
glean, 3.755076
renal, 3.755508
snare, 3.755508
claim, 3.755940
ratio, 3.756371
aisle, 3.756371
salty, 3.756371
bloat, 3.756371
actor, 3.756371
first, 3.756803
drone, 3.756803
stand, 3.756803
ramen, 3.756803
clang, 3.756803
purse, 3.756803
blond, 3.757235
their, 3.757235
saner, 3.757235
grant, 3.757235
scalp, 3.757235
daunt, 3.757235
donut, 3.757235
pride, 3.757667
heard, 3.758531
pulse, 3.758963
short, 3.758963
reach, 3.758963
baste, 3.758963
crimp, 3.759395
pesto, 3.759395
learn, 3.759395
acrid, 3.759395
spurt, 3.759827
leach, 3.759827
saute, 3.759827
stone, 3.760259
snore, 3.760259
wrist, 3.760691
sloth, 3.760691
arise, 3.761123
tonic, 3.761123
store, 3.761555
apron, 3.761555
scent, 3.761555
scrap, 3.761987
farce, 3.761987
cadet, 3.761987
flint, 3.761987
phase, 3.761987
plier, 3.761987
brand, 3.761987
gland, 3.761987
share, 3.762419
recap, 3.762419
spoil, 3.762419
paler, 3.762419
remit, 3.762419
snide, 3.762851
spore, 3.763283
craft, 3.763283
smote, 3.763283
grace, 3.763283
latch, 3.763283
baton, 3.763283
blade, 3.763283
plead, 3.763715
hotel, 3.763715
scorn, 3.763715
sonic, 3.764147
cruel, 3.764147
staid, 3.764147
scope, 3.764579
shine, 3.764579
leash, 3.764579
align, 3.764579
north, 3.764579
round, 3.765011
bland, 3.765011
sling, 3.765011
cider, 3.765011
shire, 3.765011
torus, 3.765443
moist, 3.765443
cabin, 3.765443
manor, 3.765443
adorn, 3.765875
setup, 3.765875
cheat, 3.765875
delta, 3.766739
nadir, 3.766739
poser, 3.766739
smite, 3.767171
giant, 3.767171
frost, 3.767171
arson, 3.767171
tango, 3.767603
blare, 3.768035
ranch, 3.768035
plied, 3.768035
unlit, 3.768467
snarl, 3.768467
shone, 3.768467
false, 3.768467
chard, 3.768898
clamp, 3.768898
shale, 3.768898
pinto, 3.768898
shape, 3.769330
prism, 3.769330
angel, 3.769330
flirt, 3.769330
could, 3.769330
spade, 3.769762
feast, 3.769762
glare, 3.769762
until, 3.770194
court, 3.770626
polar, 3.770626
blunt, 3.770626
teary, 3.770626
beard, 3.770626
nurse, 3.770626
those, 3.771058
score, 3.771058
recut, 3.771058
noise, 3.771058
blind, 3.771058
grail, 3.771058
spout, 3.771490
grain, 3.771490
tulip, 3.771922
scold, 3.771922
blame, 3.771922
adult, 3.771922
cloth, 3.772354
clout, 3.772354
arose, 3.772354
faint, 3.772786
burnt, 3.772786
curse, 3.772786
brine, 3.772786
scion, 3.772786
tubal, 3.772786
singe, 3.772786
bread, 3.773218
prime, 3.773218
earth, 3.773218
miner, 3.773218
midst, 3.773218
cramp, 3.773218
perch, 3.773650
shorn, 3.773650
scald, 3.774082
orbit, 3.774082
onset, 3.774514
sedan, 3.774514
liner, 3.774514
stead, 3.774514
retch, 3.774946
brunt, 3.774946
brain, 3.774946
grand, 3.775378
wrest, 3.775378
chord, 3.775378
metro, 3.775378
boast, 3.775378
stamp, 3.775378
large, 3.775810
heron, 3.775810
filet, 3.775810
olden, 3.775810
angle, 3.776242
mince, 3.776242
topic, 3.776242
loser, 3.776242
prune, 3.776674
gripe, 3.776674
comet, 3.776674
horse, 3.776674
tiger, 3.776674
prong, 3.777106
edict, 3.777106
rapid, 3.777106
lithe, 3.777538
range, 3.777538
cleft, 3.777538
spend, 3.777970
spurn, 3.777970
realm, 3.778402
ample, 3.778402
abort, 3.778402
along, 3.778402
frond, 3.778834
built, 3.778834
worst, 3.778834
bacon, 3.778834
shear, 3.779266
erupt, 3.779266
solid, 3.779266
hater, 3.779266
relic, 3.779266
adopt, 3.779266
groin, 3.779698
loath, 3.780130
goner, 3.780562
borne, 3.780562
scout, 3.780562
mason, 3.780562
slang, 3.780562
caput, 3.780562
inept, 3.780994
torch, 3.781425
sleet, 3.781425
groan, 3.781425
glade, 3.781425
clank, 3.781425
abled, 3.781425
crash, 3.781857
lathe, 3.781857
super, 3.781857
manic, 3.781857
suite, 3.781857
tepid, 3.781857
decor, 3.782289
intro, 3.782289
sauce, 3.782289
cling, 3.782289
drift, 3.782289
ascot, 3.782289
medal, 3.782289
grape, 3.782289
angst, 3.782721
dunce, 3.782721
finer, 3.783585
float, 3.783585
haunt, 3.783585
grunt, 3.784017
waist, 3.784017
tunic, 3.784017
tumor, 3.784017
rabid, 3.784017
chain, 3.784017
write, 3.784017
adept, 3.784449
shore, 3.784449
chase, 3.784449
spied, 3.784449
stomp, 3.784449
clash, 3.784881
cloud, 3.784881
smear, 3.784881
crave, 3.784881
patch, 3.785313
patio, 3.785313
death, 3.785313
sepia, 3.785313
trawl, 3.785745
hoist, 3.785745
cameo, 3.785745
cause, 3.786177
melon, 3.786609
refit, 3.786609
unset, 3.786609
aloft, 3.786609
pitch, 3.786609
crony, 3.787041
probe, 3.787041
baron, 3.787041
sound, 3.787041
agile, 3.787041
pound, 3.787473
reign, 3.787473
solar, 3.787905
pinch, 3.787905
randy, 3.788337
dream, 3.788769
pause, 3.788769
croup, 3.789201
cheap, 3.789201
draft, 3.789201
lemon, 3.789201
moral, 3.789201
fecal, 3.789201
uncle, 3.789201
molar, 3.789633
credo, 3.789633
prude, 3.790065
match, 3.790065
grade, 3.790065
basil, 3.790065
piano, 3.790497
fetal, 3.790497
peach, 3.790497
flare, 3.790929
ocean, 3.791361
crown, 3.791361
braid, 3.791793
model, 3.791793
utile, 3.792225
ralph, 3.792225
debit, 3.792225
moult, 3.792225
labor, 3.792225
clued, 3.792657
slink, 3.792657
facet, 3.792657
regal, 3.792657
trump, 3.792657
grope, 3.792657
porch, 3.792657
forte, 3.793089
frail, 3.793089
sperm, 3.793089
burst, 3.793089
minor, 3.793089
smith, 3.793089
waste, 3.793089
swine, 3.793521
mourn, 3.793521
party, 3.793952
frame, 3.793952
slurp, 3.793952
chore, 3.793952
disco, 3.793952
mount, 3.793952
pansy, 3.793952
palsy, 3.793952
gaunt, 3.793952
mirth, 3.794384
ridge, 3.794384
flair, 3.794384
dirge, 3.794816
baler, 3.794816
skirt, 3.794816
flame, 3.794816
anode, 3.795248
opine, 3.795248
patsy, 3.795248
track, 3.795248
lodge, 3.795248
upset, 3.795248
bison, 3.795248
march, 3.795680
lucid, 3.795680
terse, 3.795680
choir, 3.795680
trick, 3.795680
tonga, 3.795680
child, 3.795680
macro, 3.795680
carve, 3.795680
blend, 3.795680
anime, 3.796112
lunar, 3.796112
noble, 3.796544
chirp, 3.796976
cumin, 3.796976
stony, 3.796976
fault, 3.797408
crowd, 3.797408
atone, 3.797408
modal, 3.797408
feral, 3.797408
depot, 3.797408
birth, 3.797408
pasty, 3.797408
fried, 3.797840
shied, 3.797840
charm, 3.797840
lager, 3.797840
login, 3.797840
chair, 3.798272
sinew, 3.798272
shunt, 3.798272
foist, 3.798272
tardy, 3.798272
final, 3.798704
stalk, 3.798704
bagel, 3.798704
scram, 3.799136
miser, 3.799136
basin, 3.799136
twice, 3.799136
spiny, 3.799136
radio, 3.799136
towel, 3.799136
acute, 3.799568
twine, 3.799568
guilt, 3.799568
crank, 3.799568
stoic, 3.800000
chose, 3.800000
month, 3.800000
force, 3.800000
robin, 3.800432
wrath, 3.800432
stage, 3.800864
proud, 3.800864
grime, 3.800864
slump, 3.801296
cutie, 3.801296
sober, 3.801728
drown, 3.801728
bicep, 3.801728
shoal, 3.801728
deign, 3.801728
prowl, 3.801728
aptly, 3.801728
shard, 3.802160
steam, 3.802160
anger, 3.802592
broil, 3.803024
scamp, 3.803024
prick, 3.803024
creak, 3.803456
harem, 3.803456
denim, 3.803456
candy, 3.803888
crude, 3.803888
chest, 3.803888
cargo, 3.803888
phone, 3.803888
scour, 3.804320
sting, 3.804752
crump, 3.804752
churn, 3.805184
glide, 3.805616
route, 3.805616
china, 3.805616
rifle, 3.805616
coupe, 3.805616
filth, 3.806048
slick, 3.806479
drawn, 3.806479
climb, 3.806479
audit, 3.806479
batch, 3.806479
board, 3.806479
roach, 3.806479
agent, 3.806911
rainy, 3.806911
tuber, 3.806911
aside, 3.806911
broad, 3.806911
fable, 3.806911
build, 3.806911
serif, 3.807343
habit, 3.807343
adore, 3.807343
chide, 3.807343
tipsy, 3.807343
gleam, 3.807775
lurid, 3.807775
artsy, 3.807775
steel, 3.807775
yeast, 3.808207
sharp, 3.808207
bride, 3.808207
bilge, 3.808207
flute, 3.808639
sworn, 3.808639
ounce, 3.808639
valet, 3.808639
shame, 3.808639
admit, 3.809071
satyr, 3.809071
faith, 3.809071
wrote, 3.809071
throb, 3.809071
debar, 3.809503
rouse, 3.809503
clump, 3.809503
ulcer, 3.809503
ashen, 3.809503
lunch, 3.809503
twirl, 3.809935
manly, 3.809935
sweat, 3.809935
beach, 3.809935
crush, 3.810367
tempo, 3.810367
cigar, 3.810799
tease, 3.811231
impel, 3.811231
optic, 3.811231
medic, 3.811231
crypt, 3.811231
clink, 3.811663
begat, 3.811663
aider, 3.811663
skate, 3.811663
mural, 3.812095
niche, 3.812095
lunge, 3.812095
rhino, 3.812095
purge, 3.812095
tense, 3.812095
thong, 3.812527
cower, 3.812527
rayon, 3.812527
organ, 3.812527
story, 3.812527
ditch, 3.812527
south, 3.812527
ingot, 3.812959
older, 3.812959
micro, 3.812959
swirl, 3.813391
bathe, 3.813391
crawl, 3.813391
cobra, 3.813391
gonad, 3.813391
grout, 3.813391
wince, 3.813823
chime, 3.813823
sprig, 3.813823
infer, 3.813823
notch, 3.813823
plank, 3.814255
amend, 3.814255
broth, 3.814255
amble, 3.814255
dense, 3.814255
lusty, 3.814255
drake, 3.814687
dwelt, 3.814687
epoch, 3.814687
bound, 3.814687
prank, 3.815119
haute, 3.815119
thrum, 3.815119
corny, 3.815119
admin, 3.815119
thief, 3.815119
email, 3.815119
plush, 3.815551
mange, 3.815551
right, 3.815551
stray, 3.815551
logic, 3.815551
sadly, 3.815983
straw, 3.815983
water, 3.815983
outer, 3.816415
delay, 3.816415
louse, 3.816415
slung, 3.816415
hound, 3.816415
nasty, 3.816847
lumen, 3.816847
berth, 3.816847
crepe, 3.816847
dingo, 3.816847
spree, 3.817279
after, 3.817279
elfin, 3.817279
horde, 3.817711
spike, 3.818143
prawn, 3.818143
briny, 3.818143
untie, 3.818143
bring, 3.818143
blurt, 3.818143
fruit, 3.818575
incur, 3.819006
guile, 3.819006
creep, 3.819006
worse, 3.819438
elate, 3.819438
psalm, 3.819438
shade, 3.819870
began, 3.819870
locus, 3.819870
felon, 3.820302
idler, 3.820302
gruel, 3.820302
truly, 3.820302
input, 3.820302
brute, 3.820734
sight, 3.820734
lingo, 3.820734
chafe, 3.820734
surge, 3.821166
tower, 3.821166
scrum, 3.821166
peace, 3.821166
demon, 3.821166
nomad, 3.821166
gamer, 3.821598
focal, 3.821598
girth, 3.822030
swept, 3.822030
doing, 3.822030
safer, 3.822030
marsh, 3.822030
abide, 3.822030
slack, 3.822030
lemur, 3.822462
unite, 3.822462
datum, 3.822462
chute, 3.822462
shout, 3.822462
lurch, 3.822462
power, 3.822894
scowl, 3.822894
guest, 3.822894
rusty, 3.822894
dirty, 3.822894
basic, 3.822894
yearn, 3.822894
aping, 3.822894
turbo, 3.823326
rivet, 3.823326
reset, 3.823758
boule, 3.823758
clown, 3.823758
rebut, 3.823758
stark, 3.823758
stump, 3.823758
ultra, 3.823758
synod, 3.823758
chaos, 3.824190
grasp, 3.824190
mound, 3.824190
mealy, 3.824190
thing, 3.824190
clung, 3.824622
drawl, 3.824622
sleep, 3.825054
plume, 3.825054
guild, 3.825486
light, 3.825486
spray, 3.825486
raven, 3.825486
repel, 3.825918
debut, 3.825918
bluer, 3.825918
sandy, 3.825918
drank, 3.825918
carat, 3.825918
shaft, 3.825918
flout, 3.825918
swore, 3.826350
piece, 3.826350
shift, 3.826350
vital, 3.826350
barge, 3.826350
graft, 3.826782
grief, 3.826782
elite, 3.826782
stank, 3.826782
dutch, 3.826782
sumac, 3.827214
cavil, 3.827214
slimy, 3.827214
under, 3.827646
urine, 3.827646
hoard, 3.827646
screw, 3.827646
globe, 3.827646
salve, 3.828078
piney, 3.828078
flier, 3.828078
touch, 3.828078
adobe, 3.828510
golem, 3.828510
clerk, 3.828510
stake, 3.828510
swear, 3.828510
entry, 3.828510
trunk, 3.828510
scarf, 3.828942
media, 3.828942
slave, 3.828942
bused, 3.828942
weird, 3.828942
stork, 3.829374
botch, 3.829374
crumb, 3.829806
filer, 3.829806
stink, 3.829806
field, 3.829806
often, 3.829806
elect, 3.829806
amber, 3.830238
style, 3.830238
serum, 3.830670
dowel, 3.830670
belch, 3.830670
scaly, 3.831102
scene, 3.831102
erect, 3.831102
spicy, 3.831102
ideal, 3.831102
canal, 3.831533
abode, 3.831533
froth, 3.831533
demur, 3.831533
munch, 3.831533
thank, 3.831533
trove, 3.831533
flash, 3.831965
sower, 3.831965
scary, 3.831965
biome, 3.832397
payer, 3.832397
daily, 3.832397
brash, 3.832829
fetid, 3.832829
widen, 3.832829
homer, 3.832829
prove, 3.833261
punch, 3.833261
erase, 3.833261
flora, 3.833261
amuse, 3.833261
ready, 3.833261
birch, 3.833261
meaty, 3.833693
chasm, 3.833693
brief, 3.833693
lease, 3.834125
minus, 3.834125
pouch, 3.834125
primo, 3.834125
forth, 3.834557
trait, 3.834557
repay, 3.834557
devil, 3.834557
drink, 3.834557
urban, 3.834989
croak, 3.834989
fiend, 3.834989
fresh, 3.835421
badge, 3.835421
brake, 3.835421
fling, 3.835421
taker, 3.835853
raspy, 3.835853
world, 3.835853
beret, 3.835853
music, 3.835853
mouse, 3.835853
grown, 3.835853
leper, 3.836285
reply, 3.836285
navel, 3.836285
gnome, 3.836717
soapy, 3.836717
brawl, 3.836717
anvil, 3.836717
pence, 3.836717
scree, 3.836717
liken, 3.837149
horny, 3.837149
spoke, 3.837149
nerdy, 3.837149
relay, 3.837581
wring, 3.837581
threw, 3.837581
doubt, 3.837581
stilt, 3.838013
brown, 3.838013
piety, 3.838013
hinge, 3.838013
mercy, 3.838445
mango, 3.838445
badly, 3.838877
afire, 3.838877
still, 3.838877
bigot, 3.838877
bugle, 3.839309
decry, 3.839309
guard, 3.839309
scrub, 3.839309
knelt, 3.839741
wider, 3.839741
swath, 3.839741
cover, 3.839741
night, 3.840173
gusto, 3.840173
stack, 3.840173
aunty, 3.840173
shiny, 3.840173
brink, 3.840605
sneer, 3.840605
tract, 3.840605
ankle, 3.840605
champ, 3.841037
rehab, 3.841037
pubic, 3.841037
steer, 3.841037
befit, 3.841469
bonus, 3.841469
poker, 3.841469
cloak, 3.841469
spawn, 3.841469
spank, 3.841469
aloud, 3.841469
chief, 3.841469
deter, 3.841901
among, 3.841901
guise, 3.841901
stung, 3.841901
bulge, 3.842333
begin, 3.842333
blown, 3.842333
creed, 3.842333
avert, 3.842333
magic, 3.842333
madly, 3.842333
wrong, 3.842765
album, 3.842765
image, 3.843197
sword, 3.843197
binge, 3.843197
tangy, 3.843197
steep, 3.843197
early, 3.843197
dimly, 3.843197
taken, 3.843629
inlay, 3.843629
irony, 3.844060
betel, 3.844060
apart, 3.844060
unfit, 3.844060
argue, 3.844060
creme, 3.844492
decay, 3.844492
poesy, 3.844492
fleet, 3.844492
ghost, 3.844492
gaily, 3.844492
snake, 3.844492
girly, 3.844492
lyric, 3.844492
nosey, 3.844492
brawn, 3.844924
taint, 3.844924
growl, 3.844924
fraud, 3.844924
wield, 3.844924
greet, 3.845356
slunk, 3.845356
stave, 3.845356
midge, 3.845356
niece, 3.845356
fiber, 3.845356
today, 3.845356
depth, 3.845788
fancy, 3.845788
limbo, 3.845788
blink, 3.846220
viral, 3.846220
break, 3.846220
ombre, 3.846652
three, 3.846652
blimp, 3.846652
bunch, 3.846652
dairy, 3.846652
unmet, 3.847084
mogul, 3.847084
these, 3.847084
swing, 3.847084
fibre, 3.847084
royal, 3.847516
eight, 3.847516
token, 3.847516
there, 3.847516
gamut, 3.847516
minty, 3.847948
enter, 3.847948
fluid, 3.847948
think, 3.847948
curio, 3.847948
other, 3.848380
ethic, 3.848380
steed, 3.848380
stick, 3.848812
roost, 3.848812
blank, 3.849244
black, 3.849244
house, 3.849244
watch, 3.849244
shrew, 3.849244
snack, 3.849244
deuce, 3.849676
frown, 3.849676
angry, 3.849676
stoke, 3.849676
caulk, 3.849676
sigma, 3.849676
meter, 3.850108
preen, 3.850108
voter, 3.850540
vault, 3.850540
shown, 3.850540
diary, 3.850540
mulch, 3.850540
abuse, 3.850540
deity, 3.850972
steak, 3.850972
alike, 3.850972
feign, 3.850972
dingy, 3.850972
sugar, 3.850972
throw, 3.850972
macho, 3.850972
covet, 3.850972
lying, 3.850972
mayor, 3.851404
flume, 3.851404
bowel, 3.851836
mower, 3.851836
rebus, 3.852268
decoy, 3.852268
cease, 3.852268
found, 3.852700
truck, 3.852700
natal, 3.852700
rouge, 3.852700
stock, 3.852700
tying, 3.852700
frank, 3.852700
owner, 3.853132
matey, 3.853132
twang, 3.853132
handy, 3.853132
wiser, 3.853564
forge, 3.853564
loamy, 3.853564
curly, 3.853564
harpy, 3.853564
thump, 3.853996
craze, 3.853996
fetus, 3.853996
brisk, 3.853996
butch, 3.854428
cyber, 3.854428
hasty, 3.854428
valid, 3.854860
stall, 3.854860
swift, 3.854860
eaten, 3.854860
vaunt, 3.855292
trite, 3.855292
coven, 3.855292
mocha, 3.855292
graph, 3.855292
humor, 3.855724
valor, 3.855724
dicey, 3.855724
morph, 3.855724
balmy, 3.855724
bench, 3.855724
novel, 3.856156
rebel, 3.856156
sneak, 3.856156
worth, 3.856156
group, 3.856156
phony, 3.856156
bleak, 3.856156
brush, 3.856156
godly, 3.856587
freak, 3.856587
warty, 3.856587
lower, 3.856587
layer, 3.856587
solve, 3.856587
blush, 3.856587
abhor, 3.857019
neigh, 3.857019
fetch, 3.857019
about, 3.857451
width, 3.857451
sheet, 3.857451
rival, 3.857451
white, 3.857451
human, 3.857451
syrup, 3.857451
lofty, 3.857451
brave, 3.857883
pluck, 3.857883
leafy, 3.857883
motif, 3.857883
chump, 3.857883
drive, 3.857883
clove, 3.857883
being, 3.857883
voice, 3.857883
liege, 3.858315
hotly, 3.858315
tarot, 3.858315
would, 3.858747
budge, 3.858747
speck, 3.858747
suing, 3.858747
donor, 3.859179
evict, 3.859179
gourd, 3.859179
wound, 3.859179
pasta, 3.859179
spill, 3.859179
vicar, 3.859179
spunk, 3.859179
flesh, 3.859611
shake, 3.859611
finch, 3.859611
whine, 3.859611
spoon, 3.860043
alive, 3.860043
treat, 3.860043
unfed, 3.860043
daisy, 3.860043
below, 3.860043
nudge, 3.860475
pivot, 3.860475
stove, 3.860907
whale, 3.860907
saucy, 3.860907
troll, 3.861339
condo, 3.861339
salvo, 3.861339
titan, 3.861339
gnash, 3.861339
dogma, 3.861339
easel, 3.861339
brick, 3.861339
whose, 3.861339
musty, 3.861339
spark, 3.861771
opera, 3.861771
whirl, 3.861771
semen, 3.861771
speak, 3.861771
women, 3.861771
stunk, 3.861771
vocal, 3.862203
aphid, 3.862203
laugh, 3.862203
tiara, 3.862203
puree, 3.862635
flake, 3.862635
snoop, 3.862635
plunk, 3.862635
shelf, 3.862635
rogue, 3.862635
moldy, 3.862635
block, 3.862635
drove, 3.863067
sheen, 3.863067
elope, 3.863499
mouth, 3.863499
troop, 3.863499
belie, 3.864363
dying, 3.864363
gipsy, 3.864363
dusty, 3.864363
grave, 3.864363
shank, 3.864363
surly, 3.864363
rumba, 3.864363
noisy, 3.864363
speed, 3.864795
allot, 3.864795
gavel, 3.864795
torso, 3.865227
wager, 3.865227
grimy, 3.865227
beset, 3.865659
eater, 3.865659
skier, 3.865659
forty, 3.865659
genre, 3.865659
vapor, 3.866091
dopey, 3.866091
frisk, 3.866523
rupee, 3.866523
smack, 3.866955
overt, 3.866955
racer, 3.866955
flank, 3.867819
elder, 3.867819
crier, 3.868251
usage, 3.868251
smirk, 3.868251
shirk, 3.868251
altar, 3.868251
nobly, 3.868683
sheer, 3.868683
humid, 3.868683
derby, 3.868683
naive, 3.869114
witch, 3.869114
while, 3.869114
title, 3.869546
flour, 3.869546
haven, 3.869546
bloke, 3.869978
corer, 3.870410
pithy, 3.870410
flown, 3.870410
winch, 3.870410
bingo, 3.870410
tawny, 3.870410
whole, 3.870410
ghoul, 3.870410
mangy, 3.870842
breed, 3.870842
wheat, 3.870842
diver, 3.870842
hyper, 3.871274
unity, 3.871274
femur, 3.871274
ester, 3.871706
lynch, 3.871706
ethos, 3.871706
yield, 3.871706
pouty, 3.871706
might, 3.871706
savor, 3.872138
shrub, 3.872138
smoke, 3.872138
siege, 3.872570
mover, 3.872570
flask, 3.872570
latte, 3.872570
visor, 3.872570
salad, 3.873002
start, 3.873002
gayer, 3.873002
usher, 3.873434
skimp, 3.873434
hardy, 3.873434
baker, 3.873434
scuba, 3.873434
halve, 3.873434
flung, 3.873866
cheer, 3.873866
shark, 3.873866
thick, 3.873866
maker, 3.873866
woman, 3.873866
bleed, 3.873866
sheep, 3.873866
sheik, 3.874298
viper, 3.874298
tacit, 3.874298
nasal, 3.874298
egret, 3.874298
oaken, 3.874298
curve, 3.874730
guide, 3.874730
taste, 3.874730
liver, 3.875162
using, 3.875162
agony, 3.875162
glory, 3.875594
stoop, 3.875594
focus, 3.875594
eagle, 3.876026
imply, 3.876026
wagon, 3.876026
tough, 3.876026
plumb, 3.876026
bleep, 3.876026
cagey, 3.876458
fiery, 3.876458
color, 3.876458
wafer, 3.876458
duvet, 3.876890
stint, 3.876890
downy, 3.876890
green, 3.877322
sweet, 3.877322
omega, 3.877322
gulch, 3.877754
stuck, 3.877754
swarm, 3.877754
flack, 3.877754
shawl, 3.878186
lefty, 3.878186
drunk, 3.878186
colon, 3.878186
study, 3.878186
dough, 3.878618
verso, 3.879050
lover, 3.879482
vomit, 3.879482
welsh, 3.879914
buyer, 3.880346
vegan, 3.880346
reuse, 3.880346
fairy, 3.880778
amply, 3.881210
amity, 3.881210
elide, 3.881210
choke, 3.881210
tulle, 3.881210
welch, 3.881641
state, 3.881641
debug, 3.881641
stool, 3.881641
total, 3.881641
silky, 3.882073
weary, 3.882073
frock, 3.882073
beady, 3.882073
cabal, 3.882073
fight, 3.882073
greed, 3.882505
broke, 3.882505
swami, 3.882937
lapel, 3.882937
aglow, 3.882937
erode, 3.883369
knead, 3.883801
shave, 3.883801
vista, 3.883801
burly, 3.883801
toast, 3.884233
money, 3.884665
flush, 3.884665
motor, 3.884665
boney, 3.885097
atoll, 3.885097
viola, 3.885529
chalk, 3.885529
flock, 3.885529
terra, 3.885529
fudge, 3.885529
aorta, 3.885529
unwed, 3.885961
glove, 3.886393
lanky, 3.886393
smock, 3.886825
trust, 3.887257
drool, 3.887257
theme, 3.887257
hence, 3.887257
yacht, 3.887257
wench, 3.887689
rough, 3.887689
endow, 3.888121
gusty, 3.888121
swamp, 3.888121
lumpy, 3.888553
taunt, 3.888553
begun, 3.888553
snowy, 3.888553
apnea, 3.888985
dwarf, 3.888985
thumb, 3.888985
loose, 3.888985
ladle, 3.889417
banal, 3.889417
elbow, 3.889849
shove, 3.889849
freed, 3.889849
cough, 3.890281
ledge, 3.890713
wreak, 3.890713
hairy, 3.891145
adapt, 3.891577
forum, 3.891577
chunk, 3.891577
boost, 3.891577
sloop, 3.892009
rhyme, 3.892009
olive, 3.892009
genie, 3.892009
ovate, 3.892441
droll, 3.892441
foyer, 3.892441
whelp, 3.892441
snuck, 3.892441
totem, 3.892441
wrack, 3.892441
dumpy, 3.892873
shack, 3.892873
shrug, 3.893305
renew, 3.893305
scoop, 3.893305
flick, 3.893305
noose, 3.893737
shady, 3.893737
hyena, 3.893737
tweed, 3.893737
fence, 3.894168
moron, 3.894168
given, 3.894600
beget, 3.894600
havoc, 3.895032
drill, 3.895032
polka, 3.895464
afoul, 3.895464
stood, 3.895896
windy, 3.895896
duchy, 3.895896
sweep, 3.895896
giver, 3.896328
ficus, 3.896328
ebony, 3.896328
vapid, 3.896328
hovel, 3.896328
value, 3.896760
imbue, 3.897192
honor, 3.897624
wispy, 3.897624
exalt, 3.897624
riper, 3.897624
defer, 3.898056
drier, 3.898056
parer, 3.898056
maybe, 3.898056
empty, 3.898488
elude, 3.898488
canon, 3.898488
eying, 3.898920
posse, 3.898920
sleek, 3.898920
strut, 3.898920
snaky, 3.899352
fatal, 3.899352
robot, 3.899784
shock, 3.900216
knife, 3.900216
heady, 3.900648
movie, 3.900648
tacky, 3.900648
class, 3.901080
label, 3.901512
hover, 3.901512
gaudy, 3.901512
leech, 3.901512
vinyl, 3.902376
spiky, 3.902376
droop, 3.902808
suave, 3.903240
flyer, 3.903240
prize, 3.903240
grove, 3.903240
leaky, 3.903672
retro, 3.903672
sewer, 3.903672
pudgy, 3.903672
umbra, 3.903672
asset, 3.903672
algae, 3.903672
honey, 3.904104
fluke, 3.904104
stunt, 3.904536
eager, 3.904536
spool, 3.904536
spell, 3.904536
agree, 3.904968
linen, 3.904968
filmy, 3.904968
favor, 3.904968
legal, 3.904968
ensue, 3.904968
purer, 3.905400
etude, 3.905400
brood, 3.905400
bough, 3.905400
tweak, 3.905832
attic, 3.905832
joint, 3.905832
foray, 3.905832
video, 3.906263
swung, 3.906263
armor, 3.906263
alarm, 3.906695
grill, 3.906695
rider, 3.907127
owing, 3.907127
pushy, 3.907559
hydro, 3.907991
privy, 3.907991
rearm, 3.907991
obese, 3.908423
ardor, 3.908423
ought, 3.908423
wrung, 3.908423
basal, 3.908423
gumbo, 3.908423
joist, 3.908855
voila, 3.908855
cross, 3.909287
arena, 3.909719
lousy, 3.909719
press, 3.909719
blaze, 3.909719
libel, 3.910151
wight, 3.910151
local, 3.910151
bravo, 3.910151
exact, 3.910583
truer, 3.910583
perky, 3.911015
fleck, 3.911015
toxin, 3.911015
pixel, 3.911447
lilac, 3.911879
ditto, 3.911879
sooth, 3.911879
merge, 3.911879
thyme, 3.912311
rodeo, 3.912311
prior, 3.912311
hymen, 3.913175
venom, 3.913175
blitz, 3.913175
risky, 3.913175
cress, 3.913175
audio, 3.913607
octet, 3.914039
bylaw, 3.914039
pagan, 3.914039
ember, 3.914471
newly, 3.915767
agape, 3.915767
tenth, 3.916199
vigor, 3.916199
rebar, 3.916199
wharf, 3.916631
opium, 3.916631
toxic, 3.917063
gecko, 3.917495
dowry, 3.917495
truss, 3.917495
rugby, 3.917927
abate, 3.918359
bliss, 3.918359
topaz, 3.918359
weigh, 3.918359
small, 3.918790
shoot, 3.918790
waver, 3.918790
arbor, 3.918790
seven, 3.919222
crass, 3.919222
jaunt, 3.919222
kneel, 3.919222
pooch, 3.919654
verse, 3.920086
trout, 3.920086
comfy, 3.920086
newer, 3.920086
briar, 3.920518
limit, 3.920518
otter, 3.920518
beech, 3.920518
moose, 3.920518
rowdy, 3.920950
taboo, 3.920950
mushy, 3.920950
ovine, 3.921382
stout, 3.921382
glaze, 3.921382
order, 3.921382
conic, 3.921382
picky, 3.921814
wordy, 3.921814
pinky, 3.921814
extol, 3.921814
segue, 3.922246
vowel, 3.922246
sixth, 3.922246
tutor, 3.922246
flunk, 3.922246
agate, 3.922678
tithe, 3.922678
serve, 3.923542
leave, 3.923542
apple, 3.923542
young, 3.923974
lipid, 3.923974
surer, 3.923974
zonal, 3.923974
recur, 3.924406
blood, 3.924838
pesky, 3.924838
savoy, 3.924838
ratty, 3.924838
inner, 3.925270
riser, 3.925702
cello, 3.926134
sever, 3.926134
exist, 3.926566
wreck, 3.926998
awful, 3.926998
lymph, 3.926998
sieve, 3.926998
fishy, 3.927430
above, 3.927430
friar, 3.927862
sulky, 3.928294
truth, 3.928294
avoid, 3.928294
ether, 3.928294
drama, 3.928726
dried, 3.929158
abase, 3.929158
goose, 3.929590
tally, 3.929590
gravy, 3.929590
shuck, 3.929590
embed, 3.930022
fritz, 3.930454
timid, 3.930454
dread, 3.930454
sauna, 3.930454
itchy, 3.930886
rural, 3.931317
ninth, 3.931317
rocky, 3.931317
vague, 3.931749
bushy, 3.932181
chill, 3.932181
delve, 3.932181
ruder, 3.932181
inane, 3.932181
cacti, 3.932613
carry, 3.932613
butte, 3.932613
lasso, 3.933477
reedy, 3.933477
quilt, 3.933477
masse, 3.933477
fungi, 3.933909
leery, 3.933909
relax, 3.934341
joust, 3.934341
hedge, 3.934773
dress, 3.934773
shall, 3.934773
waltz, 3.934773
ruler, 3.935205
eking, 3.935205
nerve, 3.935205
swill, 3.935637
creek, 3.935637
manga, 3.935637
glyph, 3.935637
covey, 3.936069
graze, 3.936069
edify, 3.936501
photo, 3.936501
sally, 3.936501
patty, 3.936501
nymph, 3.936501
enema, 3.936501
groom, 3.936933
mauve, 3.938229
conch, 3.938229
twist, 3.938229
revel, 3.938229
mania, 3.938661
tryst, 3.938661
heath, 3.938661
rerun, 3.939093
virus, 3.939093
frill, 3.939093
catch, 3.939525
mecca, 3.939525
swoon, 3.939525
radii, 3.939957
vogue, 3.939957
circa, 3.939957
iliac, 3.940389
foamy, 3.940389
catty, 3.940389
where, 3.940389
youth, 3.940821
ionic, 3.940821
sooty, 3.941253
woken, 3.941253
canny, 3.941253
slash, 3.941685
junto, 3.941685
parry, 3.941685
ahead, 3.941685
awoke, 3.942117
skill, 3.942117
squat, 3.942117
uncut, 3.942549
woven, 3.942549
waive, 3.942549
never, 3.943413
knave, 3.943413
dross, 3.943844
hatch, 3.943844
whiny, 3.943844
vouch, 3.944708
smell, 3.944708
askew, 3.944708
broom, 3.945140
utter, 3.945140
shell, 3.945572
aroma, 3.946004
lever, 3.946436
piper, 3.946436
whisk, 3.946868
booth, 3.947300
cache, 3.947300
digit, 3.947300
curvy, 3.947732
annul, 3.947732
silly, 3.948164
award, 3.948164
tasty, 3.948164
roger, 3.948596
dozen, 3.948596
payee, 3.948596
detox, 3.948596
smoky, 3.949028
bongo, 3.949460
afoot, 3.949460
hefty, 3.950324
unify, 3.950324
gloom, 3.950324
floor, 3.951188
bloom, 3.951188
milky, 3.951188
wimpy, 3.951188
bless, 3.951620
vying, 3.951620
rigid, 3.951620
dally, 3.951620
fella, 3.951620
comic, 3.952052
wheel, 3.952484
amiss, 3.952484
bawdy, 3.952484
alpha, 3.952484
flail, 3.952916
paper, 3.952916
lucky, 3.953348
ovary, 3.953348
knoll, 3.953348
proof, 3.953780
extra, 3.953780
glass, 3.954212
major, 3.954212
bevel, 3.954644
crook, 3.954644
adage, 3.955076
rumor, 3.955508
bible, 3.955940
murky, 3.955940
exult, 3.955940
again, 3.956803
tibia, 3.956803
axion, 3.957235
rigor, 3.957235
dusky, 3.957667
cinch, 3.957667
theta, 3.957667
idiot, 3.957667
retry, 3.957667
howdy, 3.958099
index, 3.958099
event, 3.958099
abbot, 3.958531
flood, 3.958963
needy, 3.958963
quart, 3.959395
aware, 3.959395
quest, 3.959395
helix, 3.959395
maize, 3.959395
junta, 3.959827
tenet, 3.959827
hitch, 3.960259
wedge, 3.960259
showy, 3.960691
hazel, 3.961123
naval, 3.961555
stash, 3.961987
fewer, 3.961987
pupil, 3.962419
musky, 3.962419
nutty, 3.962419
dodge, 3.962419
await, 3.962851
gazer, 3.963283
dilly, 3.964147
gloss, 3.964147
shaky, 3.964147
bulky, 3.964579
gross, 3.965011
modem, 3.965011
zebra, 3.965875
dolly, 3.966307
ditty, 3.966307
macaw, 3.966739
dryer, 3.966739
sense, 3.966739
tight, 3.967171
alibi, 3.967603
flaky, 3.967603
hunch, 3.968035
hello, 3.968467
loopy, 3.969330
mucky, 3.969330
harsh, 3.969762
swoop, 3.970194
chili, 3.970626
arrow, 3.970626
fever, 3.970626
seedy, 3.970626
rally, 3.971058
icing, 3.971058
basis, 3.971922
bosom, 3.972354
krill, 3.972786
rower, 3.972786
slosh, 3.973218
swell, 3.973218
aloof, 3.973218
sniff, 3.973650
bitty, 3.973650
spoof, 3.973650
bribe, 3.974082
pupal, 3.974082
fixer, 3.974082
folio, 3.974082
juice, 3.974514
marry, 3.974514
froze, 3.974946
bayou, 3.975378
civil, 3.975378
alloy, 3.975378
kneed, 3.975378
comma, 3.975810
curry, 3.976242
chess, 3.976674
lupus, 3.976674
berry, 3.977106
furor, 3.977538
sixty, 3.977970
dwell, 3.977970
allow, 3.977970
occur, 3.977970
heavy, 3.977970
ivory, 3.977970
heave, 3.978402
upper, 3.978402
hunky, 3.978402
outdo, 3.978402
elegy, 3.978834
boxer, 3.978834
waxen, 3.978834
fjord, 3.978834
diode, 3.979266
staff, 3.979266
crazy, 3.979266
whack, 3.979266
druid, 3.979698
merry, 3.979698
odder, 3.980130
spasm, 3.980994
coach, 3.981425
axiom, 3.981425
lorry, 3.981425
funky, 3.981857
loyal, 3.982289
parka, 3.982289
cubic, 3.982289
spook, 3.982721
cynic, 3.983153
undue, 3.983153
hutch, 3.983585
cheek, 3.983585
azure, 3.983585
sunny, 3.984017
inbox, 3.984017
dandy, 3.984017
cliff, 3.984449
batty, 3.984881
testy, 3.984881
alley, 3.984881
gorge, 3.985313
verge, 3.985745
banjo, 3.985745
qualm, 3.986177
husky, 3.986177
moody, 3.987041
mafia, 3.987041
booty, 3.987473
petty, 3.987473
brass, 3.987473
dully, 3.987905
clack, 3.988337
crock, 3.988337
slush, 3.988769
pique, 3.988769
issue, 3.989201
crick, 3.989201
plump, 3.989201
mucus, 3.989633
roomy, 3.990065
undid, 3.990065
going, 3.990065
agora, 3.990497
fauna, 3.990497
proxy, 3.990497
rover, 3.991361
thigh, 3.991361
igloo, 3.991361
stiff, 3.991361
crack, 3.991793
quiet, 3.991793
vodka, 3.991793
borax, 3.991793
nylon, 3.991793
beefy, 3.991793
weedy, 3.991793
brook, 3.991793
quote, 3.992225
usual, 3.992225
wooer, 3.992225
fifth, 3.992657
river, 3.993521
unzip, 3.993521
theft, 3.993521
billy, 3.993521
avail, 3.993521
evade, 3.993952
revue, 3.993952
judge, 3.994384
harry, 3.994816
koala, 3.994816
gauze, 3.994816
aging, 3.994816
larva, 3.995248
tepee, 3.995248
sappy, 3.995680
quite, 3.995680
forgo, 3.995680
smash, 3.995680
idyll, 3.996544
goody, 3.996544
belle, 3.996976
clock, 3.997408
enemy, 3.997408
putty, 3.998704
karma, 3.998704
floss, 3.998704
ferry, 3.999136
fatty, 3.999136
rabbi, 3.999568
udder, 4.000000
envoy, 4.000432
scoff, 4.000432
grass, 4.000864
belly, 4.001296
idiom, 4.001296
sully, 4.001728
wacky, 4.001728
golly, 4.003024
click, 4.003024
sorry, 4.003024
icily, 4.003024
penny, 4.003024
usurp, 4.003456
outgo, 4.003888
livid, 4.003888
missy, 4.003888
venue, 4.004320
couch, 4.004320
quail, 4.004320
toddy, 4.006048
squad, 4.006048
skull, 4.006479
avian, 4.006479
apply, 4.006911
guess, 4.007343
oxide, 4.007343
annoy, 4.008207
villa, 4.008639
whoop, 4.009503
vixen, 4.009503
aback, 4.009503
gaffe, 4.009935
eject, 4.009935
zesty, 4.010799
seize, 4.011231
weave, 4.011663
awash, 4.012095
rotor, 4.012095
mambo, 4.012095
visit, 4.012527
equal, 4.012527
exert, 4.012527
freer, 4.012527
offal, 4.013391
hippo, 4.013391
coyly, 4.013391
fanny, 4.013391
knack, 4.014255
excel, 4.014255
dodgy, 4.015119
gayly, 4.015551
blurb, 4.015983
pulpy, 4.015983
hurry, 4.015983
polyp, 4.016847
snuff, 4.017279
bezel, 4.017711
knock, 4.018143
dryly, 4.018143
shook, 4.018575
mossy, 4.018575
vigil, 4.019438
paddy, 4.019870
caddy, 4.019870
gouge, 4.019870
gauge, 4.020302
teddy, 4.020302
gooey, 4.020302
penne, 4.021166
augur, 4.021598
expel, 4.021598
cycle, 4.022462
valve, 4.022462
ruddy, 4.022462
stuff, 4.022462
sushi, 4.022894
refer, 4.023326
quoth, 4.024622
dummy, 4.025054
emcee, 4.025054
bully, 4.025918
exile, 4.026350
every, 4.026350
bunny, 4.026782
quota, 4.026782
radar, 4.027214
filly, 4.027646
quash, 4.028078
witty, 4.028078
gawky, 4.028510
tweet, 4.028942
cluck, 4.029374
humus, 4.029374
oddly, 4.029374
ennui, 4.029806
squib, 4.029806
hilly, 4.030238
furry, 4.030670
myrrh, 4.031102
holly, 4.031533
cabby, 4.031965
biddy, 4.031965
teeth, 4.031965
gassy, 4.032397
quasi, 4.032397
swish, 4.032397
tabby, 4.032829
jumbo, 4.032829
folly, 4.032829
melee, 4.033261
humph, 4.033261
offer, 4.033693
salsa, 4.033693
union, 4.034125
buxom, 4.034125
swash, 4.035421
equip, 4.035421
wooly, 4.035853
chock, 4.036717
woody, 4.036717
leggy, 4.037581
joker, 4.038445
muddy, 4.039309
fully, 4.039309
bossy, 4.039741
lobby, 4.039741
chaff, 4.040605
gully, 4.041901
geeky, 4.042333
plaza, 4.042333
geese, 4.042333
worry, 4.042765
abyss, 4.042765
query, 4.043197
skunk, 4.043197
giddy, 4.043197
which, 4.043629
skulk, 4.046220
buddy, 4.046220
fugue, 4.046220
widow, 4.046652
llama, 4.046652
soggy, 4.047084
eerie, 4.047948
essay, 4.047948
epoxy, 4.049244
chick, 4.050108
quark, 4.050108
funny, 4.050540
juicy, 4.050972
ovoid, 4.051404
axial, 4.052700
taffy, 4.053132
kiosk, 4.053132
kebab, 4.053996
jumpy, 4.053996
willy, 4.053996
quack, 4.054860
papal, 4.055292
motto, 4.055724
fussy, 4.056156
lowly, 4.056156
fifty, 4.056587
awake, 4.057019
happy, 4.057883
hussy, 4.058315
dowdy, 4.058747
goofy, 4.059179
gummy, 4.059179
kitty, 4.060043
bluff, 4.060043
piggy, 4.061339
wryly, 4.061339
guppy, 4.062203
cacao, 4.062635
check, 4.063067
razor, 4.063499
chuck, 4.063499
evoke, 4.063499
gruff, 4.063931
abbey, 4.064363
hippy, 4.064795
tooth, 4.065227
jewel, 4.066091
enjoy, 4.066955
quick, 4.067387
cocoa, 4.067819
pixie, 4.068251
quirk, 4.068683
baggy, 4.069114
femme, 4.069546
shyly, 4.070410
gypsy, 4.073002
queer, 4.074298
booze, 4.075162
rarer, 4.076026
array, 4.076890
annex, 4.077754
quake, 4.079050
level, 4.079914
skiff, 4.081210
amaze, 4.081210
madam, 4.082073
guava, 4.083369
buggy, 4.084665
known, 4.087257
queen, 4.088121
amass, 4.088121
foggy, 4.089417
jerky, 4.090281
rajah, 4.090713
error, 4.090713
pygmy, 4.093305
hobby, 4.093305
savvy, 4.096760
onion, 4.097624
quill, 4.098920
magma, 4.099352
juror, 4.099352
ozone, 4.100648
kinky, 4.102376
twixt, 4.104104
puffy, 4.105832
gamma, 4.110151
allay, 4.113175
mimic, 4.113607
minim, 4.116631
whiff, 4.118790
quell, 4.119654
maxim, 4.124838
ninja, 4.125270
khaki, 4.130022
verve, 4.130454
tatty, 4.133477
nanny, 4.146868
kappa, 4.147300
assay, 4.147732
pizza, 4.150756
civic, 4.152052
jolly, 4.152916
jelly, 4.158531
boozy, 4.162419
jetty, 4.169762
ninny, 4.170626
slyly, 4.171922
shush, 4.174082
sissy, 4.175810
sassy, 4.177106
affix, 4.179266
booby, 4.186177
dizzy, 4.192225
daddy, 4.193089
poppy, 4.196544
vivid, 4.198704
mammy, 4.202592
fluff, 4.207343
puppy, 4.209071
woozy, 4.209935
mummy, 4.211231
fizzy, 4.234125
bobby, 4.237149
jiffy, 4.238013
queue, 4.239741
fuzzy, 4.242765
mamma, 4.247948
kayak, 4.253132
jazzy, 4.349028
